[{"name": "John", "description": [""], "context": "New York", "id": "1", "image": "https://www.smileysapp.com/emojis/blue-square-face.png", "borrowed": false, "times_searched": 3}, {"name": "Jane", "description": "", "context": "Los Angeles", "id": "2", "image": "https://www.tutorialspoint.com/python_pillow/images/tutorials_point.jpg", "borrowed": true, "times_searched": 5}, {"name": "bob", "description": "", "context": "Los Angeles", "id": "3", "image": "https://www.google.com", "borrowed": false, "times_searched": 3}, {"name": "", "description": [""], "context": "", "id": 913646, "image": null, "borrowed": false, "times_searched": 1}]